h3_cell,h3_event_count,h3_avg_impact,h3_avg_duration,h3_closure_rate,hotspot_score,hotspot_level,hotspot_rank,is_h3_hotspot
886014406bfffff,1,12.0,0.0,0.0,0.0,low,579,0
886014480bfffff,1,21.0,28.43533366666667,0.0,0.07685245951949957,low,548,0
886014484dfffff,1,34.0,0.0,0.0,0.1878048780487805,low,329,0
8860144a25fffff,19,23.57894736842105,0.0,0.05263157894736842,0.15889043924764187,low,390,0
8860144a27fffff,6,26.666666666666668,0.0,0.16666666666666666,0.1570873100035348,low,396,0
8860144a2dfffff,3,18.666666666666668,0.0,0.0,0.06299752562743019,low,558,0
8860144a49fffff,1,28.0,2086.1619,0.0,0.138286793182287,low,431,0
8860144a65fffff,11,19.545454545454547,27.298359316666666,0.09090909090909091,0.1039603724868259,low,505,0
8860144b59fffff,2,30.0,0.0,0.0,0.15670201484623542,low,398,0
8860144b5bfffff,27,19.40740740740741,0.0,0.037037037037037035,0.14606810415930246,low,416,0
8860144d6dfffff,1,34.0,4252.030066666667,0.0,0.1912727393674906,low,323,0
88601450a1fffff,1,24.0,0.35335,1.0,0.2024393125746588,low,293,0
8860145103fffff,1,32.0,2451.4337450000003,1.0,0.2727310422527103,medium,146,0
8860145119fffff,3,26.333333333333332,1254.2626929500002,0.3333333333333333,0.16280096223751087,low,380,0
886014511dfffff,1,32.0,2445.8060545833337,1.0,0.2727264524333526,medium,147,0
8860145125fffff,1,20.0,0.0,0.0,0.06829268292682926,low,554,0
886014512bfffff,2,31.5,53.07942118333334,0.0,0.16955018329246255,low,372,0
8860145141fffff,1,38.0,91.40762088333332,0.0,0.22202576953835357,low,263,0
8860145149fffff,3,21.333333333333332,18276.527969925,0.0,0.10066768370610926,low,522,0
886014514dfffff,4,26.0,80.19145851666667,0.0,0.1287080322777136,low,453,0
8860145151fffff,2,23.5,48.05517008333334,0.0,0.10125340269798469,low,518,0
886014515dfffff,3,33.0,22.614246416666667,0.0,0.1853736928819614,low,334,0
8860145165fffff,1,34.0,11858.528127966665,1.0,0.29747643030665283,medium,100,0
8860145169fffff,2,22.0,0.0,0.0,0.08840933191940614,low,532,0
886014516dfffff,7,22.0,11563.23005184762,0.0,0.11305743692695788,low,492,0
88601451c5fffff,1,22.0,5767.32575,0.0,0.0900695564939459,low,531,0
88601451d3fffff,1,18.0,0.0,0.0,0.05121951219512195,low,567,0
88601451e3fffff,4,32.5,0.0,0.5,0.2341304347826087,low,229,0
88601451e7fffff,9,37.77777777777778,2842.882987866667,0.2222222222222222,0.26894284109833877,medium,155,0
88601451e9fffff,4,40.25,28.093455249999998,0.25,0.2753118837663449,medium,139,0
8860145331fffff,1,32.0,2435.76657725,1.0,0.2727182644585362,medium,148,0
8860145335fffff,2,22.0,2442.5898591833334,0.5,0.14040145397812334,low,425,0
8860145337fffff,2,23.5,22.931035716666667,0.0,0.1012329120118018,low,519,0
8860145361fffff,1,24.0,0.0,0.0,0.1024390243902439,low,516,0
8860145367fffff,1,24.0,65.20005678333334,0.0,0.10249220010898331,low,513,0
8860145803fffff,25,33.36,2269.3598944077776,0.0,0.2572357812210054,medium,178,0
8860145809fffff,32,33.96875,1093.510907790625,0.03125,0.2859027790612953,medium,119,0
886014580bfffff,49,37.204081632653065,1574.15006744375,0.02040816326530612,0.36456840911905025,medium,41,0
886014580dfffff,1,18.0,0.0,0.0,0.05121951219512195,low,567,0
8860145811fffff,12,39.0,6366.854415311111,0.16666666666666666,0.2858253975183694,medium,120,0
8860145813fffff,8,27.0,13512.102673580557,0.25,0.18537329925846915,low,335,0
8860145815fffff,1,18.0,0.0,0.0,0.05121951219512195,low,567,0
8860145817fffff,3,33.333333333333336,9128.122222525002,0.6666666666666666,0.26231213814854215,medium,170,0
886014581dfffff,31,36.903225806451616,3440.064991989815,0.03225806451612903,0.3099243078906736,medium,85,0
8860145823fffff,1,18.0,0.0,0.0,0.05121951219512195,low,567,0
8860145825fffff,5,21.8,24.15570855,0.2,0.11585215048843193,low,482,0
8860145827fffff,2,21.0,81.31714885,0.0,0.07993906701474945,low,543,0
8860145829fffff,11,25.545454545454547,17.941085933333333,0.0,0.14608134400661768,low,415,0
886014582dfffff,6,30.0,7908.0891148,0.0,0.17532558979617946,low,354,0
8860145833fffff,1,44.0,1440.0824833333331,0.0,0.27434523100798136,medium,141,0
8860145835fffff,2,28.0,90.94725448333334,0.0,0.1397030186760718,low,427,0
886014583dfffff,7,22.571428571428573,797.6495744041666,0.14285714285714285,0.12344103157340706,low,467,0
8860145841fffff,7,30.0,153.41269573333332,0.0,0.17204452613915136,low,364,0
8860145847fffff,31,39.096774193548384,3480.3274931866667,0.03225806451612903,0.328682558153323,medium,59,0
8860145849fffff,8,37.25,14.388151506666665,0.0,0.2368648629708146,low,221,0
886014584bfffff,1,18.0,0.0,0.0,0.05121951219512195,low,567,0
886014584dfffff,11,32.54545454545455,100.30911363333333,0.18181818181818182,0.22408643728406688,low,256,0
8860145851fffff,21,25.047619047619047,721.4584144645834,0.0,0.17284008450353153,low,361,0
8860145853fffff,1,22.0,61364.248525866664,0.0,0.13541317234586422,low,436,0
8860145855fffff,17,22.647058823529413,10695.040496455,0.058823529411764705,0.15419016923480272,low,401,0
8860145859fffff,29,25.275862068965516,3589.189151065555,0.034482758620689655,0.2049234600077936,low,289,0
886014585bfffff,25,21.12,3951.273592093519,0.04,0.15811970781290488,low,394,0
8860145861fffff,1,18.0,63.648181349999994,0.0,0.05127142223871271,low,563,0
8860145863fffff,9,20.666666666666668,37.772033075,0.0,0.09836237195591538,low,524,0
8860145865fffff,3,22.0,0.0,0.0,0.0914528101802757,low,528,0
8860145867fffff,2,27.0,0.0,0.0,0.13109225874867445,low,447,0
886014586bfffff,1,32.0,0.0,0.0,0.17073170731707316,low,366,0
886014586dfffff,5,25.0,11211.4042968375,0.4,0.1722932952282365,low,363,0
88601458c5fffff,12,19.833333333333332,36.21312452222222,0.08333333333333333,0.10871104752244128,low,497,0
88601458c7fffff,5,20.4,15690.9802722,0.8,0.1766784452551729,low,349,0
88601458cdfffff,1,34.0,2.588083333333333,1.0,0.28780698883208644,medium,116,0
88601458d5fffff,1,24.0,0.0,0.0,0.1024390243902439,low,516,0
88601458edfffff,1,22.0,0.0,0.0,0.08536585365853658,low,537,0
8860145901fffff,8,35.0,1089.5216789600001,0.0,0.21853440093249707,low,271,0
8860145905fffff,10,25.6,14507.440510027775,0.2,0.1753208117089074,low,355,0
8860145907fffff,4,25.25,24.99840903333333,0.0,0.12226057902756203,low,472,0
8860145909fffff,52,37.01923076923077,6637.670172468519,0.038461538461538464,0.37805588082300157,medium,31,0
886014590bfffff,33,37.63636363636363,56.100947134523814,0.18181818181818182,0.33446588386845744,medium,52,0
886014590dfffff,62,35.193548387096776,928.4721371227777,0.03225806451612903,0.38762892736924437,medium,27,0
8860145911fffff,32,39.28125,167.5196928017544,0.03125,0.3304981709413249,medium,56,0
8860145913fffff,82,37.048780487804876,284.4494096747312,0.012195121951219513,0.46180429489341135,medium,10,0
8860145917fffff,5,24.0,4277.100367116666,0.0,0.11810124553286791,low,478,0
8860145919fffff,33,34.515151515151516,9350.213178463335,0.030303030303030304,0.30024994658706944,medium,98,0
886014591bfffff,2,28.0,494.4155109083333,0.0,0.1400320784282011,low,426,0
886014591dfffff,7,32.714285714285715,41.36088456666666,0.14285714285714285,0.20940958516277194,low,285,0
8860145927fffff,1,38.0,75.17017265,0.0,0.22201252663607865,low,265,0
886014592bfffff,8,24.5,83.58903492,0.125,0.1405798382602929,low,424,0
8860145939fffff,5,22.6,42.26243054444445,0.0,0.10269618622156769,low,509,0
886014593bfffff,1,32.0,81.40570293333333,0.0,0.17079810000101442,low,365,0
8860145941fffff,10,23.0,2619.9873111800002,0.2,0.14343054685419995,low,419,0
8860145943fffff,1,34.0,0.0,0.0,0.1878048780487805,low,329,0
8860145945fffff,2,36.0,107.3134921,0.5,0.25800904954293763,medium,177,0
8860145947fffff,6,22.0,636.75417831,0.16666666666666666,0.1177692342001507,low,479,0
8860145949fffff,1,18.0,0.0,0.0,0.05121951219512195,low,567,0
886014594bfffff,7,32.57142857142857,4106.891500875,0.0,0.19722011518959834,low,311,0
886014594dfffff,8,23.0,1975.595671338889,0.125,0.1293180388178035,low,450,0
8860145951fffff,23,35.04347826086956,11282.969173163094,0.0,0.27287128019214335,medium,145,0
8860145953fffff,25,23.76,9906.397076343334,0.16,0.19751315967673266,low,308,0
8860145955fffff,14,40.42857142857143,89.77675609444445,0.0,0.2823213641496178,medium,126,0
8860145957fffff,97,37.824742268041234,463.50871711054424,0.041237113402061855,0.5171307687248324,high,4,1
8860145959fffff,2,17.0,0.0,0.0,0.04572640509013785,low,568,0
886014595bfffff,2,27.0,0.0,0.0,0.13109225874867445,low,447,0
886014595dfffff,18,38.55555555555556,2337.8527720064103,0.0,0.2803395981882427,medium,130,0
8860145965fffff,1,21.0,51.74567765,0.0,0.07687147091851561,low,546,0
8860145967fffff,2,27.0,566.6772309666667,0.5,0.18155442811687078,low,340,0
8860145969fffff,10,41.6,14970.667191703333,0.0,0.29228397495957176,medium,108,0
886014596bfffff,14,36.0,2232.0544340333336,0.0,0.24626368021206904,low,205,0
8860145981fffff,1,18.0,0.0,0.0,0.05121951219512195,low,567,0
8860145985fffff,18,23.333333333333332,60.58020833333334,0.1111111111111111,0.15964761689848206,low,387,0
8860145987fffff,8,22.5,0.0,0.125,0.12343849416755036,low,468,0
886014598dfffff,30,22.8,985.681772925,0.13333333333333333,0.19459322501963985,low,317,0
88601459abfffff,1,12.0,0.0,0.0,0.0,low,579,0
88601459b1fffff,16,19.25,0.0,0.0625,0.1137924178154825,low,490,0
88601459b3fffff,38,24.157894736842106,0.0,0.07894736842105263,0.2242903387843947,low,254,0
88601459b9fffff,30,23.333333333333332,60.84939166666667,0.1,0.195058464457756,low,316,0
88601459bdfffff,2,18.0,0.0,0.0,0.05426299045599151,low,562,0
88601459c9fffff,2,18.0,0.0,0.0,0.05426299045599151,low,562,0
88601459d5fffff,1,32.0,0.0,0.0,0.17073170731707316,low,366,0
88601459e1fffff,3,27.333333333333332,7502.619352516666,0.0,0.14310023523542448,low,420,0
88601459e7fffff,6,24.5,33686.01966678334,0.0,0.14939827812001188,low,409,0
88601459e9fffff,44,34.72727272727273,602.8784020564103,0.045454545454545456,0.3299200177718451,medium,57,0
88601459ebfffff,52,29.25,298.72529326349206,0.0,0.30271712258220373,medium,93,0
8860145a03fffff,2,33.5,51.137137599999996,0.0,0.18662176994080196,low,333,0
8860145a07fffff,50,36.66,1567.2295740752875,0.1,0.3709208275495109,medium,39,0
8860145a09fffff,1,38.0,146.17011165,0.0,0.22207043260998485,low,261,0
8860145a0bfffff,5,38.0,29.313968666666668,0.0,0.23414904037768852,low,228,0
8860145a0dfffff,1,24.0,62.41803623333333,0.0,0.10248993115478922,low,515,0
8860145a11fffff,25,39.56,272.3217784111111,0.12,0.32053387054017446,medium,70,0
8860145a13fffff,29,35.06896551724138,592.7374785266667,0.10344827586206896,0.29297583585793624,medium,104,0
8860145a15fffff,31,36.67741935483871,8998.96666322619,0.0,0.3093046021729123,medium,86,0
8860145a17fffff,7,35.857142857142854,11930.105433566667,0.0,0.23164933526974205,low,237,0
8860145a1bfffff,1,22.0,0.0,1.0,0.18536585365853658,low,336,0
8860145a1dfffff,2,32.0,0.0,0.0,0.17377518557794272,low,360,0
8860145a21fffff,1,28.0,0.0,0.0,0.13658536585365852,low,434,0
8860145a23fffff,3,29.666666666666668,479.23009144444444,0.3333333333333333,0.19062414740785902,low,324,0
8860145a25fffff,15,31.866666666666667,1050.158263205,0.13333333333333333,0.2263920106843002,low,249,0
8860145a27fffff,9,32.666666666666664,29.272480027777778,0.0,0.20079446429940118,low,301,0
8860145a29fffff,79,36.56962025316456,1034.3911391486668,0.05063291139240506,0.4530388826323281,medium,12,0
8860145a2bfffff,79,37.29113924050633,3272.4528429264496,0.02531645569620253,0.45849185892734207,medium,11,0
8860145a2dfffff,42,38.166666666666664,10366.890892313888,0.07142857142857142,0.36375445562418274,medium,42,0
8860145a31fffff,1,38.0,106.81585711666666,0.0,0.22203833615373147,low,262,0
8860145a33fffff,14,23.142857142857142,8108.091420129999,0.07142857142857142,0.14844280509991112,low,412,0
8860145a35fffff,8,32.625,32.862618141666665,0.0,0.19739822301855844,low,309,0
8860145a37fffff,2,18.0,124.58709098333334,0.0,0.05436460092131224,low,560,0
8860145a39fffff,34,36.0,80.37448249444444,0.029411764705882353,0.3083195595032181,medium,87,0
8860145a3bfffff,7,24.571428571428573,10667.448391308333,0.0,0.13427807680498094,low,440,0
8860145a3dfffff,12,37.416666666666664,6630.961673806666,0.0,0.255857870705415,medium,187,0
8860145a41fffff,3,29.333333333333332,77.27920604166667,0.0,0.15411746340122884,low,402,0
8860145a43fffff,26,38.0,9728.871417031482,0.0,0.3059728275610521,medium,89,0
8860145a45fffff,2,30.5,45.149276816666664,0.5,0.2110071302769287,low,280,0
8860145a47fffff,3,25.333333333333332,2857.251283333333,0.0,0.12223840544305328,low,473,0
8860145a49fffff,17,32.529411764705884,9446.593376169445,0.0,0.23165116003821912,low,236,0
8860145a4dfffff,2,21.5,25.590731899999998,0.0,0.08416191046925098,low,539,0
8860145a51fffff,5,23.8,69.25208884166666,0.0,0.11296210082667432,low,493,0
8860145a53fffff,1,18.0,0.0,0.0,0.05121951219512195,low,567,0
8860145a55fffff,13,34.46153846153846,60.429052411111115,0.0,0.22831586424926242,low,244,0
8860145a57fffff,1,24.0,67.34591795,0.0,0.1024939502257084,low,512,0
8860145a5bfffff,1,18.0,13.202446683333333,0.0,0.05123027981751587,low,566,0
8860145a5dfffff,1,44.0,240.30575,0.0,0.2733667197417436,medium,143,0
8860145a61fffff,2,17.0,0.0,0.0,0.04572640509013785,low,568,0
8860145a63fffff,1,32.0,146939.9033814833,0.0,0.29057263015210705,medium,111,0
8860145a65fffff,6,21.833333333333332,63.599572927777785,0.5,0.1492123511348829,low,410,0
8860145a67fffff,3,36.666666666666664,13228.917013325,0.3333333333333333,0.2607786065534964,medium,173,0
8860145a69fffff,8,25.25,376.3796530888889,0.25,0.15972107081231804,low,386,0
8860145a6bfffff,5,19.6,130.52477383333334,0.4,0.1171584149315907,low,481,0
8860145a6dfffff,10,22.0,1480.3459740458334,0.1,0.12396449531612119,low,465,0
8860145a89fffff,3,22.666666666666668,19629.230423966666,0.3333333333333333,0.14648636494936815,low,414,0
8860145a8dfffff,2,16.5,34.128527025000004,0.0,0.041485946876130324,low,570,0
8860145a99fffff,1,18.0,0.0,1.0,0.15121951219512195,low,406,0
8860145a9dfffff,2,38.0,77.753144725,0.5,0.2750581115116254,medium,140,0
8860145aa5fffff,1,18.0,8.768508033333335,1.0,0.15122666359559533,low,405,0
8860145ab9fffff,4,18.5,0.0,0.5,0.11461823966065747,low,485,0
8860145ac5fffff,1,39.0,36.87994801666667,0.0,0.23051788334484175,low,241,0
8860145acbfffff,1,48.0,0.0,1.0,0.40731707317073174,medium,20,0
8860145ad9fffff,10,34.4,10290.143068264284,0.4,0.26700322876744603,medium,159,0
8860145ae3fffff,14,24.142857142857142,24238.02959633,0.07142857142857142,0.17013460992503826,low,370,0
8860145ae5fffff,1,24.0,92.59100211666667,0.0,0.10251453955586283,low,511,0
8860145ae7fffff,7,18.857142857142858,49.89268796666667,0.14285714285714285,0.09112386058537242,low,529,0
8860145ae9fffff,1,32.0,0.0,0.0,0.17073170731707316,low,366,0
8860145aebfffff,1,28.0,105.48940756666666,1.0,0.23667140067239179,low,225,0
8860145aedfffff,1,18.0,0.0,0.0,0.05121951219512195,low,567,0
8860145b01fffff,26,20.53846153846154,178.37019951923077,0.0,0.14912173711242308,low,411,0
8860145b07fffff,14,28.5,3663.140004148333,0.35714285714285715,0.21912073730044543,low,270,0
8860145b09fffff,54,22.09259259259259,124340.72689411667,0.2222222222222222,0.37109238451709947,medium,38,0
8860145b0bfffff,33,20.757575757575758,15405.80318917549,0.18181818181818182,0.2028975466232371,low,292,0
8860145b0dfffff,67,37.88059701492537,2723.4286805752527,0.1044776119402985,0.4344704201148438,medium,13,0
8860145b11fffff,23,29.391304347826086,6275.5757151944445,0.043478260869565216,0.2248849222376914,low,253,0
8860145b15fffff,2,37.0,21088.459648733333,0.0,0.233657391890282,low,231,0
8860145b17fffff,12,32.5,112.00572814583333,0.16666666666666666,0.225236276921354,low,250,0
8860145b19fffff,11,31.272727272727273,1960.2202189333332,0.0,0.19655677629485843,low,313,0
8860145b1bfffff,22,31.636363636363637,6432.874398695833,0.0,0.23678704747178378,low,223,0
8860145b1dfffff,9,23.666666666666668,71380.50266324583,0.1111111111111111,0.1932687863137107,low,319,0
8860145b21fffff,4,31.5,77.26982770833334,0.0,0.17565686897268756,low,351,0
8860145b23fffff,41,25.75609756097561,1266.3321125991665,0.21951219512195122,0.2621532434331603,medium,171,0
8860145b25fffff,72,34.68055555555556,3294.395763398246,0.041666666666666664,0.41655495787577407,medium,16,0
8860145b27fffff,3,20.666666666666668,0.0,0.0,0.08007069635913751,low,542,0
8860145b29fffff,53,36.62264150943396,8140.450294377778,0.05660377358490566,0.3807536986274442,medium,30,0
8860145b2bfffff,9,27.0,6479.826224377778,0.1111111111111111,0.16879252008923343,low,373,0
8860145b2dfffff,87,36.264367816091955,2720.522200946052,0.04597701149425287,0.475690476300748,medium,9,0
8860145b31fffff,6,40.666666666666664,7440.980303111111,0.16666666666666666,0.2826682034558982,medium,125,0
8860145b33fffff,18,31.88888888888889,4984.679756541667,0.1111111111111111,0.23669883351733997,low,224,0
8860145b35fffff,52,37.13461538461539,2247.2092291969693,0.019230769230769232,0.37353703205083794,medium,35,0
8860145b37fffff,56,36.982142857142854,2343.8759221291666,0.017857142857142856,0.38435082691879635,medium,28,0
8860145b39fffff,1,32.0,4383.935256866666,0.0,0.1743071475803485,low,357,0
8860145b3bfffff,28,35.5,32075.061866423337,0.10714285714285714,0.31965766318236455,medium,72,0
8860145b3dfffff,4,26.25,54.77643323333333,0.25,0.15582145068882086,low,400,0
8860145b41fffff,52,24.692307692307693,4208.056804136508,0.21153846153846154,0.2881522032653454,medium,115,0
8860145b43fffff,47,21.76595744680851,7984.979468025926,0.1702127659574468,0.24690157799115534,low,203,0
8860145b45fffff,86,35.04651162790697,19370.5725589943,0.05813953488372093,0.47704632847229794,medium,8,0
8860145b47fffff,56,33.035714285714285,13460.909542800697,0.10714285714285714,0.3686571797575234,medium,40,0
8860145b49fffff,48,33.875,7752.13022968254,0.08333333333333333,0.34443708177461824,medium,50,0
8860145b4bfffff,58,32.01724137931034,3171.4946484137254,0.15517241379310345,0.36246099269391013,medium,43,0
8860145b4dfffff,64,36.78125,10140.240469565475,0.078125,0.4193690415254835,medium,15,0
8860145b51fffff,48,26.625,5953.307117804762,0.1875,0.29149642434630785,medium,110,0
8860145b53fffff,5,28.8,12472.48570483889,0.4,0.2057608296162897,low,287,0
8860145b55fffff,85,21.176470588235293,2587.5025231135414,0.09411764705882353,0.3455099727627063,medium,48,0
8860145b57fffff,45,30.555555555555557,8067.069955214583,0.022222222222222223,0.30111567286153507,medium,97,0
8860145b59fffff,42,34.285714285714285,13731.105562363193,0.21428571428571427,0.3476538674016095,medium,47,0
8860145b5bfffff,31,37.70967741935484,2712.471213085507,0.0967741935483871,0.3226668544988566,medium,68,0
8860145b5dfffff,22,21.59090909090909,4719.307108236459,0.13636363636363635,0.1632719834046313,low,379,0
8860145b61fffff,10,21.0,24959.826914183333,0.0,0.12457725331310149,low,461,0
8860145b63fffff,108,36.52777777777778,5593.353952634849,0.018518518518518517,0.5414493098995876,high,2,1
8860145b67fffff,19,19.94736842105263,1257.9873738642857,0.05263157894736842,0.1289151421228553,low,451,0
8860145b69fffff,28,20.75,8008.371937045833,0.07142857142857142,0.17054334248736305,low,367,0
8860145b6bfffff,10,29.6,2670.234482902381,0.3,0.20981299074650206,low,284,0
8860145b6dfffff,5,27.6,24006.656798783333,0.8,0.24492394103957105,low,209,0
8860169001fffff,1,28.0,0.0,0.0,0.13658536585365852,low,434,0
8860169009fffff,1,18.0,0.0,0.0,0.05121951219512195,low,567,0
8860169019fffff,2,18.0,18.643183333333333,0.0,0.05427819542240182,low,561,0
8860169023fffff,2,18.0,0.0,0.0,0.05426299045599151,low,562,0
8860169035fffff,1,29.0,58.11503883333333,0.0,0.1451693485549133,low,417,0
886016903bfffff,1,18.0,0.0,0.0,0.05121951219512195,low,567,0
8860169041fffff,1,35.0,43.29526675,0.0,0.196376774072953,low,314,0
8860169047fffff,2,32.0,0.0,0.0,0.17377518557794272,low,360,0
8860169051fffff,1,22.0,1386.89255105,0.0,0.08649697243135462,low,534,0
8860169053fffff,3,36.333333333333336,3419.521756294444,0.0,0.21659941978164943,low,273,0
8860169055fffff,1,44.0,1080.7534168166667,0.0,0.27405217019916206,medium,142,0
8860169081fffff,1,12.0,0.0,0.0,0.0,low,579,0
88601690c3fffff,12,44.5,672.0468069277778,0.0,0.3114653917147417,medium,84,0
88601690c5fffff,1,18.0,0.0,0.0,0.05121951219512195,low,567,0
88601690c7fffff,2,23.5,53.862429883333334,0.0,0.10125813897014466,low,517,0
88601690d9fffff,4,41.0,69.17930889444445,0.0,0.25674783150077857,medium,182,0
88601690ddfffff,7,38.57142857142857,0.0,0.0,0.2450901378579003,low,207,0
88601690e9fffff,3,32.0,0.0,0.0,0.17681866383881228,low,348,0
8860169107fffff,3,29.333333333333332,107.3207998,0.3333333333333333,0.18747529799144735,low,330,0
8860169111fffff,4,20.5,10.310373033333333,0.0,0.08169981930369964,low,541,0
8860169115fffff,7,28.571428571428573,2883.8272717055556,0.0,0.16207626969537148,low,382,0
886016911bfffff,2,35.0,0.0,0.0,0.19938494167550372,low,303,0
886016911dfffff,2,25.0,0.0,0.0,0.11401908801696711,low,488,0
886016913dfffff,3,26.666666666666668,43.63328680833333,0.0,0.13132579489423313,low,446,0
8860169153fffff,1,32.0,0.0,0.0,0.17073170731707316,low,366,0
88601691c9fffff,4,22.5,5387.863340333333,0.0,0.1031588028429899,low,507,0
8860169205fffff,1,32.0,0.0,0.0,0.17073170731707316,low,366,0
886016921bfffff,1,45.0,52.07746276666667,0.0,0.28174979029557823,medium,128,0
8860169221fffff,1,18.0,0.0,0.0,0.05121951219512195,low,567,0
886016923dfffff,1,42.0,0.0,0.0,0.25609756097560976,medium,185,0
88601692d5fffff,1,46.0,0.0,0.0,0.29024390243902437,medium,113,0
88601692d7fffff,1,42.0,0.0,0.0,0.25609756097560976,medium,185,0
88601692d9fffff,1,34.0,21119.46551725,0.0,0.2050294452298207,low,288,0
886016941dfffff,1,34.0,7208.729033333334,0.0,0.1936841574000097,low,318,0
8860169445fffff,2,18.0,0.0,0.0,0.05426299045599151,low,562,0
8860169551fffff,1,53.0,25.09538858333333,0.0,0.35002046724176017,medium,46,0
8860169553fffff,2,31.0,72.51398741666667,0.0,0.165297741010269,low,376,0
8860169557fffff,1,38.0,79.22377388333332,0.0,0.2220158326632464,low,264,0
8860169601fffff,1,18.0,0.0,0.0,0.05121951219512195,low,567,0
8860169603fffff,5,22.4,7080.087672144444,0.0,0.1067287631614981,low,501,0
8860169605fffff,8,24.5,8180.907651660001,0.0,0.13468383154726346,low,439,0
8860169609fffff,1,18.0,19.6133014,0.0,0.05123550836828885,low,564,0
886016960dfffff,6,29.666666666666668,1777.7537064166668,0.16666666666666666,0.18414696255432308,low,338,0
8860169611fffff,1,28.0,0.0,0.0,0.13658536585365852,low,434,0
8860169615fffff,2,39.5,26.38407085,0.0,0.2378210940842507,low,219,0
8860169619fffff,2,40.0,112.150025,0.0,0.24215933557520472,low,215,0
886016961bfffff,13,24.46153846153846,418.89601800208334,0.23076923076923078,0.16631929136609366,low,375,0
886016961dfffff,1,34.0,289.5307,0.0,0.18804101285953365,low,326,0
8860169621fffff,5,33.8,1190.4275068666666,0.0,0.19924236026379125,low,304,0
8860169627fffff,2,22.5,51.640735883333335,0.0,0.0927197416399907,low,526,0
886016962bfffff,5,23.6,3397.4703511166667,0.0,0.11396920467504144,low,489,0
8860169641fffff,33,39.15151515151515,63.93754627222222,0.030303030303030304,0.33225498032450407,medium,54,0
8860169645fffff,52,38.67307692307692,8156.335820852873,0.019230769230769232,0.3914895927595959,medium,25,0
8860169647fffff,1,28.0,0.0,0.0,0.13658536585365852,low,434,0
8860169649fffff,22,40.90909090909091,46.9215576,0.045454545454545456,0.315281688599019,medium,80,0
886016964bfffff,2,37.0,12.225998116666666,0.0,0.2164680836598331,low,274,0
886016965bfffff,5,26.0,358.28831121666667,0.0,0.13197832015733296,low,443,0
8860169661fffff,16,40.75,4505.391202396667,0.0,0.2947535002172182,medium,103,0
8860169663fffff,9,22.666666666666668,1770.0521919261905,0.1111111111111111,0.12795946303617137,low,455,0
8860169665fffff,9,41.55555555555556,532.5504210833334,0.0,0.2770856854219265,medium,136,0
8860169669fffff,50,39.7,6525.86978823125,0.1,0.40091620392853466,medium,21,0
886016966bfffff,20,28.05,2745.7161425854165,0.0,0.19707762720391658,low,312,0
886016966dfffff,24,37.208333333333336,2905.7221006129635,0.0,0.28756293186324944,medium,117,0
886016968bfffff,1,12.0,0.0,0.0,0.0,low,579,0
8860169699fffff,1,18.0,14.4955594,0.0,0.051231334451537866,low,565,0
88601696c5fffff,2,25.0,0.0,0.0,0.11401908801696711,low,488,0
88601696d3fffff,3,22.0,25.030575083333332,0.0,0.0914732245615843,low,527,0
886016970dfffff,1,32.0,0.0,0.0,0.17073170731707316,low,366,0
8860169739fffff,4,39.75,51.0873811125,0.0,0.24606234441883992,low,206,0
8860169743fffff,8,36.125,760.3985853833333,0.0,0.2278696339811593,low,246,0
8860169747fffff,14,44.642857142857146,75.08211424791666,0.0,0.3182849892820761,medium,74,0
886016974bfffff,4,39.0,4537.0517874,0.0,0.24331855836673927,low,212,0
8860169759fffff,6,34.333333333333336,7.651399833333333,0.16666666666666666,0.22254070478690707,low,259,0
886016975dfffff,8,42.625,1142.913877311111,0.0,0.28366940983869166,medium,123,0
8860169761fffff,3,49.333333333333336,61.02827403333333,0.0,0.3248359168189596,medium,64,0
8860169763fffff,2,36.0,0.0,0.0,0.20792152704135736,low,286,0
8860169765fffff,1,46.0,133.6017457,0.0,0.29035286505658847,medium,112,0
886016976bfffff,5,38.8,4983.2003901875,0.0,0.24501858844947064,low,208,0
8861892035fffff,1,44.0,4815.6858999999995,0.0,0.2770982982093948,medium,135,0
8861892087fffff,3,15.0,25.064396183333336,0.0,0.03171715458434697,low,574,0
8861892091fffff,1,36.0,0.0,0.0,0.2048780487804878,low,290,0
8861892093fffff,46,35.30434782608695,156.9370823909091,0.0,0.33602407075214535,medium,51,0
8861892095fffff,5,24.0,56998.61490668333,0.2,0.18109974226713565,low,342,0
8861892097fffff,30,36.7,2092.6837112386365,0.06666666666666667,0.30748794114154676,medium,88,0
886189209dfffff,25,29.36,12862.614357199998,0.0,0.23172906290578002,low,235,0
88618920a3fffff,2,35.0,0.0,0.0,0.19938494167550372,low,303,0
88618920a5fffff,5,18.0,82369.75166625,0.0,0.13057236592259075,low,448,0
88618920a9fffff,8,37.25,58.203029055555554,0.0,0.23690059741216463,low,220,0
88618920abfffff,15,39.46666666666667,10535.971018433334,0.06666666666666667,0.2923398110770662,medium,107,0
88618920b1fffff,23,41.869565217391305,2262.7734842614586,0.30434782608695654,0.3542208654826381,medium,45,0
88618920b3fffff,18,41.5,2006.3306307122223,0.0,0.3052047174452785,medium,91,0
88618920b7fffff,16,36.25,67.4183194,0.0,0.2527193539194743,medium,193,0
88618920bbfffff,23,38.47826086956522,10342.87811141889,0.043478260869565216,0.30577370383334324,medium,90,0
88618920bdfffff,18,37.111111111111114,184.96386051,0.0,0.2662531264842793,medium,161,0
88618920c1fffff,3,16.0,45.94134651666667,0.3333333333333333,0.07360410006071533,low,552,0
88618920cbfffff,3,22.666666666666668,9014.51303645,0.3333333333333333,0.13782923711629394,low,432,0
88618920e5fffff,10,34.6,16611.91014808889,0.1,0.2438664387149127,low,211,0
88618920e9fffff,68,18.61764705882353,9159.852158344951,0.029411764705882353,0.27081690104069744,medium,152,0
88618920edfffff,4,23.0,0.0,0.25,0.12803287380699893,low,454,0
8861892185fffff,14,25.285714285714285,6914.951132789999,0.0,0.15861953215565514,low,392,0
8861892189fffff,18,26.333333333333332,566.93932976,0.0,0.1745592371421714,low,356,0
886189218bfffff,2,32.0,0.0,0.0,0.17377518557794272,low,360,0
886189218dfffff,9,23.11111111111111,21.981418102777777,0.0,0.1192167021530143,low,477,0
8861892191fffff,9,20.555555555555557,8697.038021416667,0.2222222222222222,0.12669838977992398,low,456,0
8861892195fffff,1,18.0,0.0,0.0,0.05121951219512195,low,567,0
8861892197fffff,2,15.0,0.0,0.5,0.07865323435843054,low,545,0
886189219dfffff,7,18.571428571428573,0.0,0.0,0.07435843054082715,low,551,0
88618921a9fffff,5,22.6,7298.20496105,0.0,0.10861397185285547,low,499,0
88618921bbfffff,1,22.0,19168.524886033334,0.0,0.10099927697558245,low,520,0
88618921d1fffff,11,24.0,1118.53313352,0.0,0.1337860577889417,low,441,0
88618921d3fffff,1,21.0,51.47168045,0.0,0.07687124745248258,low,547,0
88618921d5fffff,12,22.083333333333332,12668.960518016667,0.0,0.12988801956388266,low,449,0
88618921d7fffff,2,12.0,0.0,0.0,0.003043478260869565,low,577,0
88618921d9fffff,9,25.333333333333332,4151.918460202777,0.0,0.14155517681349683,low,422,0
88618921ddfffff,1,18.0,0.0,0.0,0.05121951219512195,low,567,0
88618921ebfffff,1,22.0,18.83196996666667,0.0,0.0853812125951336,low,535,0
8861892281fffff,1,12.0,0.0,0.0,0.0,low,579,0
8861892283fffff,5,28.8,42.013669908333334,0.2,0.17562281260620854,low,352,0
8861892289fffff,18,29.555555555555557,0.0,0.0,0.2016036290797691,low,296,0
88618922c1fffff,1,32.0,0.0,0.0,0.17073170731707316,low,366,0
8861892403fffff,1,28.0,0.0,0.0,0.13658536585365852,low,434,0
8861892405fffff,9,40.111111111111114,21.60461613333333,0.0,0.26433834606120604,medium,164,0
8861892407fffff,9,24.22222222222222,48.22240850833333,0.0,0.12872319857313455,low,452,0
8861892409fffff,1,44.0,2375.28352125,1.0,0.37510796021115256,medium,33,0
886189240bfffff,4,12.0,0.0,0.0,0.009130434782608695,low,575,0
886189240dfffff,19,34.94736842105263,58.36652435666667,0.0,0.25072238058507285,medium,197,0
8861892411fffff,14,12.0,0.0,0.0,0.03956521739130434,low,571,0
8861892413fffff,1,12.0,0.0,0.0,0.0,low,579,0
8861892415fffff,1,22.0,1553.7663699333332,0.0,0.08663307101309975,low,533,0
8861892417fffff,1,18.0,0.0,0.0,0.05121951219512195,low,567,0
8861892419fffff,7,14.285714285714286,0.0,0.0,0.037773064687168616,low,573,0
886189241dfffff,1,12.0,0.0,0.0,0.0,low,579,0
8861892421fffff,1,12.0,2.3584172666666663,0.0,1.923472761062315e-06,low,578,0
8861892423fffff,57,36.228070175438596,460.5181624595238,0.03508771929824561,0.3811441322299126,medium,29,0
8861892425fffff,7,37.285714285714285,88.91681989166668,0.0,0.2341870466859732,low,227,0
8861892427fffff,12,36.916666666666664,5301.742239413889,0.16666666666666666,0.2671721628298226,medium,158,0
886189242bfffff,27,31.62962962962963,3776.8615858604167,0.07407407407407407,0.2571881756789051,medium,180,0
8861892433fffff,8,33.75,5860.338318223334,0.0,0.21175464135438923,low,278,0
8861892435fffff,1,34.0,35287.8212,1.0,0.31658484155853317,medium,78,0
8861892439fffff,4,12.0,0.0,0.0,0.009130434782608695,low,575,0
886189243bfffff,2,30.0,16715.2699351,0.0,0.17033461789251939,low,368,0
886189243dfffff,5,15.2,0.0,0.0,0.03949098621420996,low,572,0
8861892441fffff,11,49.54545454545455,106.21835901666667,0.09090909090909091,0.3601222988620074,medium,44,0
8861892447fffff,12,44.333333333333336,36.01205844722222,0.08333333333333333,0.31785722500082925,medium,75,0
8861892449fffff,6,39.666666666666664,206.92876940333332,0.0,0.251565019603054,medium,195,0
886189244dfffff,9,39.111111111111114,448.59260892142856,0.1111111111111111,0.26726111373338485,medium,157,0
8861892453fffff,3,12.0,0.0,0.0,0.00608695652173913,low,576,0
8861892457fffff,13,12.76923076923077,0.0,0.0,0.04308834325801452,low,569,0
8861892465fffff,6,35.0,10552.16867655,0.16666666666666666,0.2368316358787663,low,222,0
886189246dfffff,1,32.0,0.0,0.0,0.17073170731707316,low,366,0
8861892483fffff,11,23.0,82.68037790277778,0.0,0.12440465391363185,low,464,0
8861892485fffff,2,38.0,0.0,0.0,0.22499469777306466,low,252,0
8861892487fffff,2,18.0,0.0,0.0,0.05426299045599151,low,562,0
8861892489fffff,1,12.0,0.0,0.0,0.0,low,579,0
886189248dfffff,2,27.0,0.0,1.0,0.23109225874867445,low,238,0
8861892491fffff,2,38.0,1940.2149223333336,0.5,0.2765770939870262,medium,137,0
8861892493fffff,5,18.8,41.59137345833334,0.0,0.07025661453206318,low,553,0
886189249bfffff,2,27.0,0.0,0.0,0.13109225874867445,low,447,0
88618924a1fffff,4,35.5,1300.8165710500002,0.0,0.21080110799476046,low,282,0
88618924a3fffff,35,32.82857142857143,78.53524246041667,0.0,0.28134719051845525,medium,129,0
88618924a5fffff,19,24.736842105263158,891.4410311433334,0.15789473684210525,0.18002826181604836,low,344,0
88618924a7fffff,27,21.703703703703702,16661.634808288094,0.1111111111111111,0.18666690035300118,low,332,0
88618924a9fffff,4,35.5,628.0100223833334,0.25,0.23525238191133344,low,226,0
88618924abfffff,18,32.888888888888886,6541.838861529167,0.1111111111111111,0.24650540327714135,low,204,0
88618924adfffff,9,25.88888888888889,9135.000552679168,0.1111111111111111,0.16147292647020983,low,383,0
88618924b3fffff,16,21.5,5878.231414742425,0.0,0.13154388992189653,low,445,0
88618924b5fffff,4,25.5,51.72590546666666,0.0,0.12441652372171202,low,463,0
88618924b7fffff,11,23.454545454545453,8224.110347288095,0.0,0.13492488951584677,low,438,0
88618924b9fffff,1,22.0,0.0,1.0,0.18536585365853658,low,336,0
88618924bbfffff,2,21.0,66.1186007,0.0,0.0799266714163168,low,544,0
88618924c5fffff,10,35.6,51442.16658642083,0.0,0.2708098079297653,medium,153,0
88618924c9fffff,12,28.0,154130.60289468334,0.0,0.2957691244331579,medium,102,0
88618924cbfffff,1,18.0,0.0,0.0,0.05121951219512195,low,567,0
88618924cdfffff,10,34.0,44.16805498333333,0.0,0.21523220488163086,low,277,0
88618924d3fffff,1,44.0,17346.023016666666,0.0,0.28731776296293327,medium,118,0
88618924e3fffff,3,20.666666666666668,5.6324983500000005,0.3333333333333333,0.11340862343307226,low,491,0
88618924e5fffff,30,30.5,20460.13485136,0.03333333333333333,0.2662078638952574,medium,162,0
88618924e7fffff,22,36.72727272727273,3349.3747668088236,0.045454545454545456,0.2822766482217425,medium,127,0
88618924e9fffff,26,30.615384615384617,34126.683963275,0.0,0.2628317421682425,medium,168,0
88618924edfffff,31,37.903225806451616,4845.119926892857,0.06451612903225806,0.3228326313179871,medium,67,0
8861892513fffff,8,27.375,14609.148705110001,0.25,0.18946924515734,low,325,0
8861892517fffff,11,36.18181818181818,16224.096236304167,0.0,0.25009695050193376,medium,198,0
8861892519fffff,6,33.5,40.93729289666666,0.5,0.24878736421739733,low,201,0
886189251bfffff,4,20.75,36.112475333333336,0.0,0.08385500926694012,low,540,0
8861892521fffff,1,22.0,9.079776783333333,0.0,0.08537325892289166,low,536,0
8861892523fffff,6,35.0,3244.3506331874996,0.16666666666666666,0.23087154173093363,low,240,0
8861892527fffff,8,23.0,2.6516332666666664,0.0,0.11520894946369786,low,484,0
8861892529fffff,1,42.0,5.8399833333333335,0.0,0.256102323936357,medium,184,0
886189252bfffff,4,31.5,1156.9232165750002,0.25,0.20153741030615938,low,297,0
8861892531fffff,4,30.0,1.0094333333333334,0.0,0.16278979463938975,low,381,0
8861892535fffff,5,40.0,60.820689611111106,0.0,0.2512479072914853,medium,196,0
8861892537fffff,25,36.64,1911.6840467427082,0.08,0.2929440687407766,medium,105,0
886189253dfffff,15,34.53333333333333,12801.053420311904,0.06666666666666667,0.2520733408564186,medium,194,0
8861892541fffff,18,38.666666666666664,7105.545005095833,0.16666666666666666,0.3018431982729062,medium,96,0
8861892543fffff,11,41.0,44.62685487,0.0,0.27803215489047733,medium,134,0
8861892545fffff,11,35.81818181818182,77.93821268333333,0.09090909090909091,0.24291519872581596,low,214,0
8861892547fffff,1,44.0,340.33611666666667,1.0,0.3734483022879206,medium,36,0
886189254bfffff,6,25.666666666666668,21.81416525,0.0,0.13190184911987382,low,444,0
886189254dfffff,1,32.0,0.0,0.0,0.17073170731707316,low,366,0
8861892551fffff,6,37.333333333333336,11094.568410133337,0.16666666666666666,0.25719270424609814,medium,179,0
8861892553fffff,1,32.0,0.0,0.0,0.17073170731707316,low,366,0
8861892555fffff,13,39.38461538461539,1860.821428522222,0.0,0.27181049071537866,medium,151,0
8861892557fffff,12,36.916666666666664,218.92776636111114,0.08333333333333333,0.254693398861024,medium,189,0
886189255dfffff,14,42.714285714285715,19549.142357188095,0.0,0.3177041858185663,medium,76,0
8861892565fffff,3,29.333333333333332,0.0,0.3333333333333333,0.18738776952986919,low,331,0
8861892567fffff,5,42.4,31618.2720576,0.2,0.31747326886604993,medium,77,0
886189256dfffff,1,28.0,2.4556867833333333,0.0,0.1365873686572778,low,433,0
8861892581fffff,12,26.333333333333332,10290.189255477084,0.08333333333333333,0.17256176767389764,low,362,0
8861892583fffff,15,23.066666666666666,34.431122656250004,0.26666666666666666,0.16377498829348563,low,378,0
8861892585fffff,13,33.76923076923077,23212.35496392143,0.3076923076923077,0.2720573480575409,medium,150,0
8861892587fffff,34,22.5,14164.179089988236,0.14705882352941177,0.216326801295485,low,275,0
8861892589fffff,22,33.09090909090909,662.9815537884616,0.045454545454545456,0.24904355695745897,low,200,0
886189258bfffff,4,36.25,50.234618575,0.0,0.21618360014415958,low,276,0
886189258dfffff,2,39.0,2.026038183333333,0.0,0.2335329355306785,low,232,0
8861892591fffff,12,25.916666666666668,2127.73624380625,0.25,0.1790144083180977,low,346,0
8861892593fffff,3,24.0,123.51028495,0.0,0.10862671315821024,low,498,0
8861892595fffff,5,23.2,40869.1178649875,0.4,0.18111561429468678,low,341,0
8861892597fffff,17,27.11764705882353,693.7089227272728,0.23529411764705882,0.20184392218274833,low,294,0
8861892599fffff,12,25.833333333333332,2384.9707178833332,0.16666666666666666,0.17017948759687512,low,369,0
886189259bfffff,18,21.77777777777778,6737.4404999619055,0.16666666666666666,0.1573695386767658,low,395,0
886189259dfffff,1,42.0,7684.336017833333,0.0,0.2623647348239606,medium,169,0
88618925a1fffff,38,37.60526315789474,1373.4970821590907,0.13157894736842105,0.34546829887732916,medium,49,0
88618925a3fffff,42,32.45238095238095,8606.686270767459,0.11904761904761904,0.31830028877197714,medium,73,0
88618925a5fffff,28,31.107142857142858,7135.390882377084,0.10714285714285714,0.26181742123888946,medium,172,0
88618925a7fffff,39,35.61538461538461,8000.75838932381,0.02564102564102564,0.3263362641031661,medium,62,0
88618925abfffff,27,37.25925925925926,21271.272058682225,0.18518518518518517,0.3306251534718435,medium,55,0
88618925adfffff,7,24.0,343.56446492333333,0.14285714285714285,0.13526581179094138,low,437,0
88618925b1fffff,20,23.15,20356.876199255556,0.0,0.16961163005009844,low,371,0
88618925b3fffff,20,22.4,52.10422879696969,0.05,0.15164906981358736,low,404,0
88618925b5fffff,80,30.9875,2378.9624325219047,0.1125,0.4157134261850316,medium,17,0
88618925b7fffff,84,35.98809523809524,3604.3836145257933,0.20238095238095238,0.4805628689059013,medium,7,0
88618925b9fffff,14,25.214285714285715,55941.85088582167,0.21428571428571427,0.21942359842895257,low,269,0
88618925bbfffff,1,28.0,0.0,0.0,0.13658536585365852,low,434,0
88618925bdfffff,23,22.17391304347826,2253.984759734444,0.13043478260869565,0.16868877712744534,low,374,0
88618925c1fffff,116,31.92241379310345,13250.414892389786,0.02586206896551724,0.5334623371354755,high,3,1
88618925c3fffff,4,27.0,1879.1824432499998,0.0,0.13871183474947915,low,429,0
88618925c5fffff,12,33.416666666666664,21713.331354545833,0.25,0.2590123750945143,medium,176,0
88618925c7fffff,12,35.583333333333336,75.23421603333333,0.08333333333333333,0.24319409177052578,low,213,0
88618925c9fffff,63,37.87301587301587,19660.39514139792,0.06349206349206349,0.4319466489720133,medium,14,0
88618925cbfffff,14,23.285714285714285,19372.68807184167,0.07142857142857142,0.1588494722273513,low,391,0
88618925cdfffff,10,20.7,69.07206078333333,0.1,0.11171593066998842,low,495,0
88618925d1fffff,24,27.375,22537.81891177222,0.0,0.21963134471929985,low,268,0
88618925d3fffff,83,28.49397590361446,2311.359195578432,0.060240963855421686,0.3982766403434516,medium,22,0
88618925d5fffff,22,34.22727272727273,8328.7908602125,0.0,0.26045083147433035,medium,174,0
88618925d7fffff,9,30.88888888888889,2192.5772845966667,0.7777777777777778,0.2651604336845278,medium,163,0
88618925d9fffff,20,38.3,752.9932680416669,0.15,0.2979524066699149,medium,99,0
88618925dbfffff,3,40.0,1320.4380149333333,0.3333333333333333,0.2795216000275612,medium,131,0
88618925ddfffff,6,29.333333333333332,15384.593060327776,0.16666666666666666,0.19239887017674762,low,321,0
88618925e1fffff,8,17.0,34807.616918533335,0.125,0.10487559421464952,low,504,0
88618925e3fffff,1,44.0,50407.820166666665,1.0,0.4142822306797399,medium,18,0
88618925e7fffff,5,19.4,31.519939366666666,0.0,0.0753703517135364,low,549,0
88618925e9fffff,5,33.8,50.92160333888889,0.0,0.19831300454820866,low,306,0
88618925ebfffff,11,22.727272727272727,34784.32427022709,0.09090909090909091,0.15946929367124174,low,388,0
8861892603fffff,2,24.0,88.5556712,0.0,0.10555472669042926,low,503,0
8861892607fffff,3,19.0,58.91185719166666,0.0,0.06589110128547794,low,556,0
8861892621fffff,11,26.0,41.05892024523809,0.0,0.14998046447440785,low,408,0
8861892625fffff,1,32.0,0.0,0.0,0.17073170731707316,low,366,0
8861892627fffff,2,30.0,17.692932883333334,0.0,0.1567164448094762,low,397,0
8861892629fffff,4,25.5,83.47854003333333,0.0,0.12444242046549192,low,462,0
886189262bfffff,1,38.0,64.12170315,0.0,0.2220035157496528,low,266,0
8861892639fffff,7,24.571428571428573,1072.5065951,0.0,0.1264526553030981,low,457,0
8861892645fffff,2,25.0,65.59525101666667,0.0,0.11407258604734913,low,487,0
886189264dfffff,11,21.636363636363637,63408.33610761668,0.0,0.1644108545430482,low,377,0
886189265dfffff,3,12.0,0.0,0.0,0.00608695652173913,low,576,0
8861892661fffff,1,28.0,0.0,0.0,0.13658536585365852,low,434,0
8861892663fffff,7,31.0,237.75531540666665,0.0,0.18064989947303395,low,343,0
886189266bfffff,19,26.263157894736842,65.78157003,0.05263157894736842,0.18185808153349226,low,339,0
886189266dfffff,1,18.0,0.0,0.0,0.05121951219512195,low,567,0
88618926b1fffff,1,12.0,0.0,0.0,0.0,low,579,0
88618926b3fffff,1,12.0,0.0,0.0,0.0,low,579,0
88618926b5fffff,19,35.05263157894737,4385.877075425,0.05263157894736842,0.2604135479390262,medium,175,0
88618926b9fffff,1,24.0,63.71386355,0.0,0.1024909880027787,low,514,0
88618926bbfffff,1,44.0,2.5198166666666664,1.0,0.37317278681384536,medium,37,0
88618926bdfffff,10,21.5,1171.2425624416667,0.1,0.11944410475341063,low,476,0
8861892711fffff,2,32.0,2196.792774791667,0.0,0.17556684099182224,low,353,0
8861892719fffff,2,26.0,61.12860748333333,0.0,0.12260552851790553,low,470,0
886189271bfffff,1,18.0,0.0,0.0,0.05121951219512195,low,567,0
8861892721fffff,4,28.25,93.04707089166668,0.5,0.1979258341029168,low,307,0
8861892723fffff,1,18.0,0.0,0.0,0.05121951219512195,low,567,0
8861892727fffff,1,32.0,0.0,0.0,0.17073170731707316,low,366,0
8861892729fffff,1,18.0,0.0,0.0,0.05121951219512195,low,567,0
8861892733fffff,1,22.0,22763.04245,0.0,0.10393088569519718,low,506,0
8861892735fffff,10,23.0,902.9350144925926,0.1,0.13203015712305383,low,442,0
886189273bfffff,1,44.0,12625.130233333333,0.0,0.28346750762220996,medium,124,0
8861892761fffff,1,34.0,90.77372385,0.0,0.1878789110825924,low,328,0
8861892767fffff,3,26.0,40.309164550000006,0.0,0.12563202690335237,low,459,0
886189276dfffff,4,21.5,0.0,0.0,0.09022799575821845,low,530,0
8861892a97fffff,2,18.0,0.0,0.0,0.05426299045599151,low,562,0
8861892ab9fffff,1,26.0,0.0,0.0,0.11951219512195121,low,475,0
8861892abbfffff,5,20.4,0.0,0.4,0.12388123011664898,low,466,0
8861892c11fffff,30,45.5,9923.912044753999,0.1,0.39233020165410704,medium,23,0
8861892c15fffff,22,29.40909090909091,11176.075678714706,0.18181818181818182,0.23982401153952695,low,216,0
8861892c1bfffff,5,37.4,20.11784905,0.0,0.22901958900718944,low,243,0
8861892c1dfffff,3,17.333333333333332,122105.48460363333,0.0,0.1512019340604127,low,407,0
8861892c31fffff,3,32.666666666666664,34452.3984767,0.0,0.21060833203408388,low,283,0
8861892c35fffff,7,22.285714285714285,5558.554575599999,0.0,0.11059918131470867,low,496,0
8861892c37fffff,9,28.22222222222222,19395.017998997915,0.2222222222222222,0.20087057920440177,low,300,0
8861892c39fffff,3,37.333333333333336,1640.4096951277777,0.3333333333333333,0.25701833418363323,medium,181,0
8861892c3bfffff,10,32.6,5766.941611961111,0.2,0.22794835242536488,low,245,0
8861892c3dfffff,1,12.0,0.0,0.0,0.0,low,579,0
8861892c4bfffff,2,28.0,76.8051597,0.0,0.13969148469754958,low,428,0
8861892c51fffff,3,23.333333333333332,0.0,0.0,0.1028349240014139,low,508,0
8861892c53fffff,11,40.36363636363637,29.812808474999997,0.0,0.27258770037759616,medium,149,0
8861892c55fffff,2,12.0,0.0,0.0,0.003043478260869565,low,577,0
8861892c59fffff,17,40.294117647058826,137.69601166458335,0.11764705882352941,0.30210781051187396,medium,94,0
8861892c5bfffff,20,37.65,752.0547490666665,0.15,0.2924028607468711,medium,106,0
8861892c81fffff,16,36.3125,34.08336573333333,0.0,0.25322570325673305,medium,191,0
8861892c83fffff,26,38.19230769230769,21389.63036268788,0.11538461538461539,0.32866319623506435,medium,60,0
8861892c85fffff,1,22.0,72902.21760093333,0.0,0.14482328375725037,low,418,0
8861892c87fffff,4,34.25,29.253461425,0.25,0.22409331764650484,low,255,0
8861892c8dfffff,30,40.93333333333333,7213.4844674558835,0.3333333333333333,0.3744692305949691,medium,34,0
8861892c93fffff,3,27.0,27063.709855527777,0.0,0.15620829789864257,low,399,0
8861892c95fffff,25,34.88,7936.932951145834,0.04,0.2788337377305993,medium,133,0
8861892c97fffff,52,30.153846153846153,17676.258302013888,0.0,0.32460561253768405,medium,65,0
8861892c99fffff,52,39.01923076923077,2545.473668511458,0.038461538461538464,0.3917915469411165,medium,24,0
8861892c9bfffff,8,30.5,1129.8752819472222,0.375,0.21765267828882043,low,272,0
8861892c9dfffff,66,36.015151515151516,5827.315815958696,0.06060606060606061,0.41364671340143294,medium,19,0
8861892ca3fffff,1,32.0,0.0,0.0,0.17073170731707316,low,366,0
8861892ca7fffff,1,30.0,120.4293,1.0,0.2537567560486719,medium,190,0
8861892cabfffff,1,34.0,5837.5025000000005,0.0,0.19256581548342408,low,320,0
8861892cadfffff,4,20.5,7112.5823547,0.25,0.11249227464715128,low,494,0
8861892cb1fffff,2,22.0,0.0,0.5,0.13840933191940613,low,430,0
8861892cb3fffff,4,25.0,19826.806935795834,0.25,0.16127634808034613,low,384,0
8861892cb5fffff,35,37.34285714285714,71.18428999583332,0.05714285714285714,0.32559206632497056,medium,63,0
8861892cb7fffff,6,19.0,0.0,0.0,0.07497348886532343,low,550,0
8861892cb9fffff,40,36.65,75.88330566428571,0.05,0.3341843701815427,medium,53,0
8861892cbdfffff,12,36.333333333333336,116.95864045,0.08333333333333333,0.24963056030910363,low,199,0
8861892cc1fffff,6,20.833333333333332,19119.251592404165,0.0,0.1062171324821171,low,502,0
8861892cc5fffff,93,34.88172043010753,7631.849793240476,0.07526881720430108,0.48908300873851385,medium,6,0
8861892cc7fffff,27,35.629629629629626,8724.933550877084,0.037037037037037035,0.29166635107608313,medium,109,0
8861892ccbfffff,3,30.666666666666668,127.47713333333333,0.3333333333333333,0.19887385087070403,low,305,0
8861892ccdfffff,34,36.529411764705884,2971.7321544229167,0.029411764705882353,0.31519705534955655,medium,81,0
8861892cd1fffff,11,19.0,77.20466168571429,0.45454545454545453,0.135708392032188,low,435,0
8861892cd3fffff,1,22.0,18846.219376099998,0.0,0.1007364117575147,low,521,0
8861892ce5fffff,7,35.714285714285715,7270.365458527776,0.0,0.22662944260662582,low,248,0
8861892ce9fffff,2,43.0,92.29220731666666,0.0,0.2677528960775469,medium,156,0
8861892cebfffff,10,29.6,17247.85577645,0.1,0.20170217502085716,low,295,0
8861892cedfffff,5,40.2,77.451299525,0.0,0.2529687879208686,medium,192,0
8861892d0dfffff,1,44.0,12968.057916666667,0.0,0.28374719182704883,medium,122,0
8861892d19fffff,1,22.0,17346.67345,0.0,0.09951341539313853,low,523,0
8861892d87fffff,6,32.666666666666664,0.0,0.0,0.19164015553199007,low,322,0
8861892d89fffff,2,42.0,5939.989983333333,0.0,0.2639855631871003,medium,167,0
8861892d93fffff,1,44.0,7661.4715138,0.0,0.27941925777381654,medium,132,0
8861892da1fffff,1,35.0,31.50097945,1.0,0.29636715491408816,medium,101,0
8861892dabfffff,3,34.666666666666664,0.0,0.0,0.19958289148108868,low,302,0
8861892db3fffff,19,36.526315789473685,41.4352793,0.0,0.26418739083622883,medium,166,0
8861892db5fffff,4,30.0,20508.31986708889,0.25,0.20451510172541223,low,291,0
8861892db7fffff,32,36.375,3263.819417265625,0.0,0.3050889930329722,medium,92,0
8861892db9fffff,1,40.0,166.81366601666664,0.0,0.23916043976630502,low,218,0
8861892dc9fffff,2,44.0,9512.547289241667,0.0,0.2839724323395121,medium,121,0
8861892dcbfffff,1,32.0,0.0,0.0,0.17073170731707316,low,366,0
8861892dd5fffff,1,32.0,0.0,0.0,0.17073170731707316,low,366,0
8861892dd9fffff,3,39.333333333333336,0.0,0.0,0.23942028985507247,low,217,0
8861892e01fffff,1,42.0,216.12666711666668,0.0,0.2562738290868612,medium,183,0
8861892e03fffff,3,29.333333333333332,0.0,0.0,0.15405443619653586,low,403,0
8861892e07fffff,4,24.0,3726.6904550777776,0.0,0.11460886516795217,low,486,0
8861892e0bfffff,2,32.0,36.43817135833333,0.0,0.1738049037415015,low,359,0
8861892e0dfffff,3,22.0,106886.48712363333,0.0,0.17862705598221873,low,347,0
8861892e13fffff,15,24.933333333333334,191.8913121212121,0.6666666666666666,0.21983836867767226,low,267,0
8861892e17fffff,35,36.31428571428572,7733.68146318,0.02857142857142857,0.3202037982344711,medium,71,0
8861892e1bfffff,2,12.0,0.0,0.0,0.003043478260869565,low,577,0
8861892e21fffff,12,23.583333333333332,68.99063632,0.08333333333333333,0.14074997525528773,low,423,0
8861892e29fffff,33,22.181818181818183,9570.386119696077,0.09090909090909091,0.2012055679647321,low,298,0
8861892e2bfffff,36,25.63888888888889,1205.2901066408335,0.08333333333333333,0.23226761961026038,low,234,0
8861892e2dfffff,9,25.11111111111111,13262.583115954165,0.1111111111111111,0.15819972477247585,low,393,0
8861892e33fffff,2,44.0,0.0,0.0,0.27621420996818663,medium,138,0
8861892e39fffff,32,38.9375,3719.489611121875,0.0,0.32733562752628187,medium,61,0
8861892e3bfffff,15,36.93333333333333,46.38908480555556,0.0,0.2554920580150944,medium,188,0
8861892e3dfffff,15,22.4,33950.82929223667,0.0,0.15907872605075601,low,389,0
8861892e41fffff,1,32.0,0.0,0.0,0.17073170731707316,low,366,0
8861892e43fffff,2,32.0,41.91654630833334,0.0,0.17380937178247974,low,358,0
8861892e47fffff,3,12.0,0.0,0.0,0.00608695652173913,low,576,0
8861892e49fffff,2,21.5,50408.090644091666,0.0,0.12525275880428488,low,460,0
8861892e4bfffff,115,49.426086956521736,1446.8709988148516,0.02608695652173913,0.6702362394686865,high,1,1
8861892e55fffff,2,26.0,0.0,0.0,0.12255567338282078,low,471,0
8861892e5dfffff,15,33.86666666666667,5629.077549711111,0.0,0.23386631299148378,low,230,0
8861892e61fffff,1,24.0,120.12128181666667,0.0,0.10253699264075827,low,510,0
8861892e65fffff,1,18.0,0.0,0.0,0.05121951219512195,low,567,0
8861892e67fffff,2,19.5,43.03527413333334,0.0,0.06710296711888507,low,555,0
8861892e69fffff,10,18.9,5622.266109561111,0.3,0.12087913878550094,low,474,0
8861892e6bfffff,4,17.5,15.931807983333334,0.0,0.056094647923676674,low,559,0
8861892e6dfffff,4,23.5,12806.202464349999,0.0,0.11774562089626633,low,480,0
8861892e81fffff,1,12.0,0.0,0.0,0.0,low,579,0
8861892e83fffff,1,38.0,0.0,1.0,0.3219512195121951,medium,69,0
8861892e85fffff,3,17.333333333333332,5.762856058333333,0.3333333333333333,0.08495344519707941,low,538,0
8861892e87fffff,1,22.0,0.0,0.0,0.08536585365853658,low,537,0
8861892e89fffff,23,36.130434782608695,83.97767415499999,0.0,0.2730165285026006,medium,144,0
8861892e8bfffff,1,50.0,0.0,0.0,0.32439024390243903,medium,66,0
8861892e91fffff,5,35.6,43507.304294533336,0.2,0.26912091911013775,medium,154,0
8861892e93fffff,13,17.846153846153847,7930.311615995834,0.0,0.09289571658509746,low,525,0
8861892e95fffff,19,22.05263157894737,41779.51020246833,0.05263157894736842,0.17993535514709608,low,345,0
8861892e97fffff,17,22.235294117647058,34776.59345168889,0.23529411764705882,0.1879625434270525,low,327,0
8861892e99fffff,14,35.142857142857146,344.80733902000003,0.07142857142857142,0.24455026735420232,low,210,0
8861892e9bfffff,34,35.23529411764706,9912.990920440478,0.058823529411764705,0.31275202259215656,medium,83,0
8861892e9dfffff,6,30.333333333333332,540.79670615,0.5,0.22216251813175403,low,260,0
8861892ea3fffff,5,36.8,0.0,0.0,0.22388123011664898,low,257,0
8861892ea5fffff,12,33.416666666666664,458.98592138333333,0.08333333333333333,0.22501113618199595,low,251,0
8861892ea7fffff,3,38.333333333333336,73.03123550000001,0.0,0.23094326714345154,low,239,0
8861892ea9fffff,2,27.0,112622.03816043334,0.0,0.22294429263540375,low,258,0
8861892eabfffff,1,42.0,0.0,0.0,0.25609756097560976,medium,185,0
8861892eadfffff,4,30.0,66034.29620694167,0.5,0.2666450772594876,medium,160,0
8861892eb1fffff,7,23.285714285714285,13536.932059588888,0.8571428571428571,0.21135703993468039,low,279,0
8861892eb5fffff,4,23.5,2849.521655816666,0.75,0.1846251730872686,low,337,0
8861892eb9fffff,13,40.69230769230769,245224.91967748333,0.3076923076923077,0.5122253038583897,high,5,1
8861892ebbfffff,23,23.0,11402.126081014816,0.2608695652173913,0.19624523816668632,low,315,0
8861892ebdfffff,4,34.5,0.0,0.0,0.20120360551431601,low,299,0
8861892ec1fffff,1,22.0,0.0,1.0,0.18536585365853658,low,336,0
8861892ec3fffff,9,33.44444444444444,51.23013096666667,0.2222222222222222,0.2296741610898889,low,242,0
8861892ec5fffff,7,34.57142857142857,0.0,0.0,0.21094379639448563,low,281,0
8861892ec7fffff,54,37.851851851851855,45.312610535897434,0.07407407407407407,0.3894352513913512,medium,26,0
8861892ec9fffff,3,37.333333333333336,486.97046405000003,0.3333333333333333,0.25607761475544893,medium,186,0
8861892ecbfffff,4,34.0,7268.181113554166,0.25,0.22786307997929012,low,247,0
8861892ed1fffff,1,32.0,52510.90529903334,1.0,0.3135584358307128,medium,82,0
8861892ed3fffff,30,35.233333333333334,14627.269730065687,0.03333333333333333,0.30185721266876764,medium,95,0
8861892ed5fffff,12,33.333333333333336,980.1218242722222,0.16666666666666666,0.23305811427363382,low,233,0
8861892ed7fffff,21,33.76190476190476,9966.928136430555,0.09523809523809523,0.26429453776689743,medium,165,0
8861892ed9fffff,26,21.192307692307693,3426.6618723628203,0.038461538461538464,0.16119873903674914,low,385,0
8861892edbfffff,13,23.46153846153846,330.90397178888895,0.07692307692307693,0.14232632625633443,low,421,0
8861892ee5fffff,10,41.4,68.18493728333333,0.1,0.28842252422492853,medium,114,0
8861892ee7fffff,1,18.0,0.0,0.0,0.05121951219512195,low,567,0
8861892ee9fffff,48,33.541666666666664,0.0,0.020833333333333332,0.3290190880169671,medium,58,0
8861892eedfffff,21,40.95238095238095,4119.895391441666,0.047619047619047616,0.3161460367352649,medium,79,0
8861892f45fffff,6,24.666666666666668,63.05508714166667,0.0,0.12339889893428316,low,469,0
8861892f47fffff,3,24.666666666666668,40355.108771583335,0.0,0.1471297685716602,low,413,0
8861892f51fffff,11,20.90909090909091,54.74810715833333,0.09090909090909091,0.11562355811788974,low,483,0
8861892f53fffff,43,23.069767441860463,49.57171943580247,0.2558139534883721,0.2479459266467277,low,202,0
8861892f55fffff,6,25.0,91.41555964444444,0.0,0.12626755756128116,low,458,0
8861892f5bfffff,12,24.166666666666668,22538.68755565926,0.4166666666666667,0.19738876932008653,low,310,0
8861892f69fffff,6,25.666666666666668,12878.649829912501,0.3333333333333333,0.1757209321735632,low,350,0
88618934a7fffff,1,18.0,0.0,0.0,0.05121951219512195,low,567,0
88618934b7fffff,1,12.0,0.0,0.0,0.0,low,579,0
88618934e5fffff,3,24.0,0.0,0.0,0.10852598091198302,low,500,0
886189359bfffff,3,19.0,37.67183235,0.0,0.06587377839278856,low,557,0
88618935b5fffff,1,44.0,5111.969799516666,1.0,0.3773399407797391,medium,32,0
88618935dbfffff,2,18.0,0.0,0.0,0.05426299045599151,low,562,0
